-- MySQL dump 10.13  Distrib 5.5.29, for Linux (i686)
--
-- Host: localhost    Database: call_rater_test
-- ------------------------------------------------------
-- Server version	5.5.29

/*!40101 SET @OLD_CHARACTER_SET_CLIENT=@@CHARACTER_SET_CLIENT */;
/*!40101 SET @OLD_CHARACTER_SET_RESULTS=@@CHARACTER_SET_RESULTS */;
/*!40101 SET @OLD_COLLATION_CONNECTION=@@COLLATION_CONNECTION */;
/*!40101 SET NAMES utf8 */;
/*!40103 SET @OLD_TIME_ZONE=@@TIME_ZONE */;
/*!40103 SET TIME_ZONE='+00:00' */;
/*!40014 SET @OLD_UNIQUE_CHECKS=@@UNIQUE_CHECKS, UNIQUE_CHECKS=0 */;
/*!40014 SET @OLD_FOREIGN_KEY_CHECKS=@@FOREIGN_KEY_CHECKS, FOREIGN_KEY_CHECKS=0 */;
/*!40101 SET @OLD_SQL_MODE=@@SQL_MODE, SQL_MODE='NO_AUTO_VALUE_ON_ZERO' */;
/*!40111 SET @OLD_SQL_NOTES=@@SQL_NOTES, SQL_NOTES=0 */;

--
-- Table structure for table `calls`
--

DROP TABLE IF EXISTS `calls`;
/*!40101 SET @saved_cs_client     = @@character_set_client */;
/*!40101 SET character_set_client = utf8 */;
CREATE TABLE `calls` (
  `id` int(11) NOT NULL AUTO_INCREMENT,
  `timestamp` datetime NOT NULL,
  `caller` varchar(255) NOT NULL,
  `callee` varchar(255) NOT NULL,
  `duration` int(11) NOT NULL DEFAULT '0',
  PRIMARY KEY (`id`)
) ENGINE=InnoDB AUTO_INCREMENT=101 DEFAULT CHARSET=utf8;
/*!40101 SET character_set_client = @saved_cs_client */;

--
-- Dumping data for table `calls`
--

LOCK TABLES `calls` WRITE;
/*!40000 ALTER TABLE `calls` DISABLE KEYS */;
INSERT INTO `calls` VALUES (1,'2013-10-01 00:00:10','21111111','21555555',10),(2,'2013-10-01 00:00:10','21111111','22555555',10),(3,'2013-10-01 00:00:20','21111111','21555555',10),(4,'2013-10-01 00:00:20','21111111','22555555',10),(5,'2013-10-01 00:00:30','21111111','21555555',10),(6,'2013-10-01 00:00:30','21111111','22555555',10),(7,'2013-10-01 00:00:40','21111111','21555555',10),(8,'2013-10-01 00:00:40','21111111','22555555',10),(9,'2013-10-01 00:00:50','21111111','21555555',10),(10,'2013-10-01 00:00:50','21111111','22555555',10),(11,'2013-10-01 00:01:00','21111111','21555555',10),(12,'2013-10-01 00:01:00','21111111','22555555',10),(13,'2013-10-01 00:01:10','21111111','21555555',10),(14,'2013-10-01 00:01:10','21111111','22555555',10),(15,'2013-10-01 00:01:20','21111111','21555555',10),(16,'2013-10-01 00:01:20','21111111','22555555',10),(17,'2013-10-01 00:01:30','21111111','21555555',10),(18,'2013-10-01 00:01:30','21111111','22555555',10),(19,'2013-10-01 00:01:40','21111111','21555555',10),(20,'2013-10-01 00:01:40','21111111','22555555',10),(21,'2013-10-01 00:00:10','22111111','21555555',10),(22,'2013-10-01 00:00:10','22111111','22555555',10),(23,'2013-10-01 00:00:20','22111111','21555555',10),(24,'2013-10-01 00:00:20','22111111','22555555',10),(25,'2013-10-01 00:00:30','22111111','21555555',10),(26,'2013-10-01 00:00:30','22111111','22555555',10),(27,'2013-10-01 00:00:40','22111111','21555555',10),(28,'2013-10-01 00:00:40','22111111','22555555',10),(29,'2013-10-01 00:00:50','22111111','21555555',10),(30,'2013-10-01 00:00:50','22111111','22555555',10),(31,'2013-10-01 00:01:00','22111111','21555555',10),(32,'2013-10-01 00:01:00','22111111','22555555',10),(33,'2013-10-01 00:01:10','22111111','21555555',10),(34,'2013-10-01 00:01:10','22111111','22555555',10),(35,'2013-10-01 00:01:20','22111111','21555555',10),(36,'2013-10-01 00:01:20','22111111','22555555',10),(37,'2013-10-01 00:01:30','22111111','21555555',10),(38,'2013-10-01 00:01:30','22111111','22555555',10),(39,'2013-10-01 00:01:40','22111111','21555555',10),(40,'2013-10-01 00:01:40','22111111','22555555',10),(41,'2013-10-01 00:00:10','23111111','21555555',10),(42,'2013-10-01 00:00:10','23111111','22555555',10),(43,'2013-10-01 00:00:20','23111111','21555555',10),(44,'2013-10-01 00:00:20','23111111','22555555',10),(45,'2013-10-01 00:00:30','23111111','21555555',10),(46,'2013-10-01 00:00:30','23111111','22555555',10),(47,'2013-10-01 00:00:40','23111111','21555555',10),(48,'2013-10-01 00:00:40','23111111','22555555',10),(49,'2013-10-01 00:00:50','23111111','21555555',10),(50,'2013-10-01 00:00:50','23111111','22555555',10),(51,'2013-10-01 00:01:00','23111111','21555555',10),(52,'2013-10-01 00:01:00','23111111','22555555',10),(53,'2013-10-01 00:01:10','23111111','21555555',10),(54,'2013-10-01 00:01:10','23111111','22555555',10),(55,'2013-10-01 00:01:20','23111111','21555555',10),(56,'2013-10-01 00:01:20','23111111','22555555',10),(57,'2013-10-01 00:01:30','23111111','21555555',10),(58,'2013-10-01 00:01:30','23111111','22555555',10),(59,'2013-10-01 00:01:40','23111111','21555555',10),(60,'2013-10-01 00:01:40','23111111','22555555',10),(61,'2013-10-01 00:00:10','24111111','21555555',10),(62,'2013-10-01 00:00:10','24111111','22555555',10),(63,'2013-10-01 00:00:20','24111111','21555555',10),(64,'2013-10-01 00:00:20','24111111','22555555',10),(65,'2013-10-01 00:00:30','24111111','21555555',10),(66,'2013-10-01 00:00:30','24111111','22555555',10),(67,'2013-10-01 00:00:40','24111111','21555555',10),(68,'2013-10-01 00:00:40','24111111','22555555',10),(69,'2013-10-01 00:00:50','24111111','21555555',10),(70,'2013-10-01 00:00:50','24111111','22555555',10),(71,'2013-10-01 00:01:00','24111111','21555555',10),(72,'2013-10-01 00:01:00','24111111','22555555',10),(73,'2013-10-01 00:01:10','24111111','21555555',10),(74,'2013-10-01 00:01:10','24111111','22555555',10),(75,'2013-10-01 00:01:20','24111111','21555555',10),(76,'2013-10-01 00:01:20','24111111','22555555',10),(77,'2013-10-01 00:01:30','24111111','21555555',10),(78,'2013-10-01 00:01:30','24111111','22555555',10),(79,'2013-10-01 00:01:40','24111111','21555555',10),(80,'2013-10-01 00:01:40','24111111','22555555',10),(81,'2013-10-01 00:00:10','25111111','21555555',10),(82,'2013-10-01 00:00:10','25111111','22555555',10),(83,'2013-10-01 00:00:20','25111111','21555555',10),(84,'2013-10-01 00:00:20','25111111','22555555',10),(85,'2013-10-01 00:00:30','25111111','21555555',10),(86,'2013-10-01 00:00:30','25111111','22555555',10),(87,'2013-10-01 00:00:40','25111111','21555555',10),(88,'2013-10-01 00:00:40','25111111','22555555',10),(89,'2013-10-01 00:00:50','25111111','21555555',10),(90,'2013-10-01 00:00:50','25111111','22555555',10),(91,'2013-10-01 00:01:00','25111111','21555555',10),(92,'2013-10-01 00:01:00','25111111','22555555',10),(93,'2013-10-01 00:01:10','25111111','21555555',10),(94,'2013-10-01 00:01:10','25111111','22555555',10),(95,'2013-10-01 00:01:20','25111111','21555555',10),(96,'2013-10-01 00:01:20','25111111','22555555',10),(97,'2013-10-01 00:01:30','25111111','21555555',10),(98,'2013-10-01 00:01:30','25111111','22555555',10),(99,'2013-10-01 00:01:40','25111111','21555555',10),(100,'2013-10-01 00:01:40','25111111','22555555',10);
/*!40000 ALTER TABLE `calls` ENABLE KEYS */;
UNLOCK TABLES;

--
-- Table structure for table `destinations`
--

DROP TABLE IF EXISTS `destinations`;
/*!40101 SET @saved_cs_client     = @@character_set_client */;
/*!40101 SET character_set_client = utf8 */;
CREATE TABLE `destinations` (
  `id` int(11) NOT NULL AUTO_INCREMENT,
  `name` varchar(255) NOT NULL,
  `prefix` varchar(255) NOT NULL,
  `price_per_minute` int(11) NOT NULL DEFAULT '0',
  PRIMARY KEY (`id`)
) ENGINE=InnoDB AUTO_INCREMENT=12 DEFAULT CHARSET=utf8;
/*!40101 SET character_set_client = @saved_cs_client */;

--
-- Dumping data for table `destinations`
--

LOCK TABLES `destinations` WRITE;
/*!40000 ALTER TABLE `destinations` DISABLE KEYS */;
INSERT INTO `destinations` VALUES (1,'Lausanne','21',120),(2,'Geneva','22',240),(3,'Yverdon','24',120),(4,'Fribourg','26',120),(5,'Sion','27',120),(6,'Bern','31',120),(7,'Biel','32',120),(8,'Berner','33',120),(9,'Region Bern-Emme','34',120),(10,'Central Switzerland','41',120),(11,'Long Prefix','4122',240);
/*!40000 ALTER TABLE `destinations` ENABLE KEYS */;
UNLOCK TABLES;

--
-- Table structure for table `pricings`
--

DROP TABLE IF EXISTS `pricings`;
/*!40101 SET @saved_cs_client     = @@character_set_client */;
/*!40101 SET character_set_client = utf8 */;
CREATE TABLE `pricings` (
  `id` int(11) NOT NULL AUTO_INCREMENT,
  `call_id` int(11) DEFAULT NULL,
  `destination_id` int(11) DEFAULT NULL,
  `amount` float NOT NULL DEFAULT '0',
  PRIMARY KEY (`id`)
) ENGINE=InnoDB AUTO_INCREMENT=101 DEFAULT CHARSET=utf8;
/*!40101 SET character_set_client = @saved_cs_client */;

--
-- Dumping data for table `pricings`
--

LOCK TABLES `pricings` WRITE;
/*!40000 ALTER TABLE `pricings` DISABLE KEYS */;
INSERT INTO `pricings` VALUES (1,1,1,20),(2,2,2,40),(3,3,1,20),(4,4,2,40),(5,5,1,20),(6,6,2,40),(7,7,1,20),(8,8,2,40),(9,9,1,20),(10,10,2,40),(11,11,1,20),(12,12,2,40),(13,13,1,20),(14,14,2,40),(15,15,1,20),(16,16,2,40),(17,17,1,20),(18,18,2,40),(19,19,1,20),(20,20,2,40),(21,21,1,20),(22,22,2,40),(23,23,1,20),(24,24,2,40),(25,25,1,20),(26,26,2,40),(27,27,1,20),(28,28,2,40),(29,29,1,20),(30,30,2,40),(31,31,1,20),(32,32,2,40),(33,33,1,20),(34,34,2,40),(35,35,1,20),(36,36,2,40),(37,37,1,20),(38,38,2,40),(39,39,1,20),(40,40,2,40),(41,41,1,20),(42,42,2,40),(43,43,1,20),(44,44,2,40),(45,45,1,20),(46,46,2,40),(47,47,1,20),(48,48,2,40),(49,49,1,20),(50,50,2,40),(51,51,1,20),(52,52,2,40),(53,53,1,20),(54,54,2,40),(55,55,1,20),(56,56,2,40),(57,57,1,20),(58,58,2,40),(59,59,1,20),(60,60,2,40),(61,61,1,20),(62,62,2,40),(63,63,1,20),(64,64,2,40),(65,65,1,20),(66,66,2,40),(67,67,1,20),(68,68,2,40),(69,69,1,20),(70,70,2,40),(71,71,1,20),(72,72,2,40),(73,73,1,20),(74,74,2,40),(75,75,1,20),(76,76,2,40),(77,77,1,20),(78,78,2,40),(79,79,1,20),(80,80,2,40),(81,81,1,20),(82,82,2,40),(83,83,1,20),(84,84,2,40),(85,85,1,20),(86,86,2,40),(87,87,1,20),(88,88,2,40),(89,89,1,20),(90,90,2,40),(91,91,1,20),(92,92,2,40),(93,93,1,20),(94,94,2,40),(95,95,1,20),(96,96,2,40),(97,97,1,20),(98,98,2,40),(99,99,1,20),(100,100,2,40);
/*!40000 ALTER TABLE `pricings` ENABLE KEYS */;
UNLOCK TABLES;
/*!40103 SET TIME_ZONE=@OLD_TIME_ZONE */;

/*!40101 SET SQL_MODE=@OLD_SQL_MODE */;
/*!40014 SET FOREIGN_KEY_CHECKS=@OLD_FOREIGN_KEY_CHECKS */;
/*!40014 SET UNIQUE_CHECKS=@OLD_UNIQUE_CHECKS */;
/*!40101 SET CHARACTER_SET_CLIENT=@OLD_CHARACTER_SET_CLIENT */;
/*!40101 SET CHARACTER_SET_RESULTS=@OLD_CHARACTER_SET_RESULTS */;
/*!40101 SET COLLATION_CONNECTION=@OLD_COLLATION_CONNECTION */;
/*!40111 SET SQL_NOTES=@OLD_SQL_NOTES */;

-- Dump completed on 2013-10-24 11:56:45
